{
  "IEEE_CIS": {
    "Baseline": {
      "auc_mean": 0.7084675805031342,
      "auc_std": 0.004050141129984886,
      "precision_mean": 0.8163422459893048,
      "recall_mean": 0.00303051704791714,
      "f1_mean": 0.006037000467123177,
      "f1_std": 0.0014292300478738684,
      "seeds": [
        42,
        123,
        456,
        789,
        999
      ]
    },
    "KG": {
      "auc_mean": 0.8607545583425408,
      "auc_std": 0.0008255399574987881,
      "precision_mean": 0.7703103477278183,
      "recall_mean": 0.12284169260517733,
      "f1_mean": 0.21187215122158137,
      "f1_std": 0.0048161644089436025,
      "seeds": [
        42,
        123,
        456,
        789,
        999
      ]
    },
    "GAR": {
      "auc_mean": 0.8612325329946332,
      "auc_std": 0.00328478260223676,
      "precision_mean": 0.673614463114782,
      "recall_mean": 0.2241719093643137,
      "f1_mean": 0.3363590149117889,
      "f1_std": 0.006672697181930677,
      "seeds": [
        42,
        123,
        456,
        789,
        999
      ]
    }
  }
}