{
  "Amazon": {
    "Baseline": {
      "auc_mean": 0.7285945890919541,
      "auc_std": 0.007516910851320814,
      "precision_mean": 0.11960784313725488,
      "recall_mean": 0.009174741311464087,
      "f1_mean": 0.01698523200562878,
      "f1_std": 0.009195852520984623,
      "seeds": [
        42,
        123,
        456
      ]
    },
    "KG": {
      "auc_mean": 0.6957344651336342,
      "auc_std": 0.008298270943694432,
      "precision_mean": 0.2253968253968254,
      "recall_mean": 0.019257368965373087,
      "f1_mean": 0.035439096959876105,
      "f1_std": 0.0018786413760780753,
      "seeds": [
        42,
        123,
        456
      ]
    }
  },
  "PaySim": {
    "Baseline": {
      "auc_mean": 0.5020887774410057,
      "auc_std": 0.00402315366965744,
      "precision_mean": 0.03333333333333333,
      "recall_mean": 7.293946024799416e-05,
      "f1_mean": 0.0001455604075691412,
      "f1_std": 0.0002911208151382824,
      "seeds": [
        42,
        123,
        456,
        789,
        999
      ]
    },
    "KG": {
      "auc_mean": 0.5495057266085859,
      "auc_std": 0.003375946855048466,
      "precision_mean": 0.15470213996529786,
      "recall_mean": 0.0015355872817391873,
      "f1_mean": 0.0030392711324294095,
      "f1_std": 0.0009675327153420382,
      "seeds": [
        42,
        123,
        456,
        789,
        999
      ]
    },
    "GAR": {
      "auc_mean": 0.513913284644669,
      "auc_std": 0.06010686658116777,
      "precision_mean": 0.15851788947623668,
      "recall_mean": 0.019083711856756315,
      "f1_mean": 0.03406033281541331,
      "f1_std": 0.0014202347598287618,
      "seeds": [
        42,
        123,
        456,
        789,
        999
      ]
    }
  },
  "Synthetic_Financial": {
    "Baseline": {
      "auc_mean": 0.9914795112158059,
      "auc_std": 0.004873254022557393,
      "precision_mean": 0.9730323097086512,
      "recall_mean": 0.970130012726707,
      "f1_mean": 0.971430768434091,
      "f1_std": 0.00696721140983982,
      "seeds": [
        42,
        123,
        456,
        789,
        999
      ]
    },
    "KG": {
      "auc_mean": 0.9922012460664871,
      "auc_std": 0.006381808697562204,
      "precision_mean": 0.9904028447972099,
      "recall_mean": 0.9767790728202638,
      "f1_mean": 0.9834889552063819,
      "f1_std": 0.00993120177387432,
      "seeds": [
        42,
        123,
        456,
        789,
        999
      ]
    },
    "GAR": {
      "auc_mean": 0.9933858803866759,
      "auc_std": 0.004681121444123954,
      "precision_mean": 0.9983050847457626,
      "recall_mean": 0.8516199590297522,
      "f1_mean": 0.9176941320229094,
      "f1_std": 0.03994819337196517,
      "seeds": [
        42,
        123,
        456,
        789,
        999
      ]
    }
  }
}